student_id,student_name,grade_level,class_room,gender,birth_date,enrollment_date,status,parent_contact,address_district
S001,นางสาวกมลชนก สุขใจ,ม.1,1/1,หญิง,2012-03-15,2024-05-15,กำลังศึกษา,081-234-5601,เมือง
S002,นายธนพล วงศ์ดี,ม.1,1/1,ชาย,2012-05-20,2024-05-15,กำลังศึกษา,082-345-6702,เมือง
S003,นางสาวสุภาพร ใจงาม,ม.1,1/2,หญิง,2012-07-08,2024-05-15,กำลังศึกษา,083-456-7803,แก้วฟ้า
S004,นายภูมิพัฒน์ รักษา,ม.1,1/2,ชาย,2012-09-12,2024-05-15,กำลังศึกษา,084-567-8904,เมือง
S005,นางสาวปภาวรินท์ สว่าง,ม.1,1/3,หญิง,2012-11-25,2024-05-15,กำลังศึกษา,085-678-9005,ดอนตูม
S006,นายอรรถพล มั่นคง,ม.1,1/3,ชาย,2012-02-14,2024-05-15,กำลังศึกษา,086-789-0106,เมือง
S007,นางสาวชนิกานต์ ดีเลิศ,ม.1,1/4,หญิง,2012-04-30,2024-05-15,กำลังศึกษา,087-890-1207,แก้วฟ้า
S008,นายกิตติพงศ์ เจริญ,ม.1,1/4,ชาย,2012-06-18,2024-05-15,กำลังศึกษา,088-901-2308,เมือง
S009,นางสาวพิมพ์ชนก สดใส,ม.2,2/1,หญิง,2011-01-22,2023-05-15,กำลังศึกษา,089-012-3409,ดอนตูม
S010,นายศุภกร ชาญฉลาด,ม.2,2/1,ชาย,2011-03-17,2023-05-15,กำลังศึกษา,081-123-4510,เมือง
S011,นางสาวณัฐนิชา แสงจันทร์,ม.2,2/2,หญิง,2011-05-09,2023-05-15,กำลังศึกษา,082-234-5611,แก้วฟ้า
S012,นายธีรพงศ์ กล้าหาญ,ม.2,2/2,ชาย,2011-07-27,2023-05-15,กำลังศึกษา,083-345-6712,เมือง
S013,นางสาวรัตนาภรณ์ ประดับ,ม.2,2/3,หญิง,2011-09-05,2023-05-15,กำลังศึกษา,084-456-7813,ดอนตูม
S014,นายวีรภัทร พลัง,ม.2,2/3,ชาย,2011-11-13,2023-05-15,กำลังศึกษา,085-567-8914,เมือง
S015,นางสาวปาลิตา นวล,ม.2,2/4,หญิง,2011-01-28,2023-05-15,กำลังศึกษา,086-678-9015,แก้วฟ้า
S016,นายณัฐวุฒิ เพียร,ม.2,2/4,ชาย,2011-04-11,2023-05-15,กำลังศึกษา,087-789-0116,เมือง
S017,นางสาวธัญญารัตน์ งามสง่า,ม.3,3/1,หญิง,2010-02-16,2022-05-15,กำลังศึกษา,088-890-1217,ดอนตูม
S018,นายเจษฎา มุ่งมั่น,ม.3,3/1,ชาย,2010-04-24,2022-05-15,กำลังศึกษา,089-901-2318,เมือง
S019,นางสาวพรรณิภา แพรวพราว,ม.3,3/2,หญิง,2010-06-07,2022-05-15,กำลังศึกษา,081-012-3419,แก้วฟ้า
S020,นายอัครพล ทรงธรรม,ม.3,3/2,ชาย,2010-08-19,2022-05-15,กำลังศึกษา,082-123-4520,เมือง
S021,นางสาวภัทรานิษฐ์ ละเอียด,ม.3,3/3,หญิง,2010-10-31,2022-05-15,กำลังศึกษา,083-234-5621,ดอนตูม
S022,นายธนากร เรืองฤทธิ์,ม.3,3/3,ชาย,2010-12-03,2022-05-15,กำลังศึกษา,084-345-6722,เมือง
S023,นางสาวปุณยนุช อ่อนโยน,ม.4,4/1,หญิง,2009-03-21,2021-05-15,กำลังศึกษา,085-456-7823,แก้วฟ้า
S024,นายภควัต สุขสันต์,ม.4,4/1,ชาย,2009-05-14,2021-05-15,กำลังศึกษา,086-567-8924,เมือง
S025,นางสาวสิรินทรา งามล้ำ,ม.4,4/2,หญิง,2009-07-29,2021-05-15,กำลังศึกษา,087-678-9025,ดอนตูม
S026,นายธนโชติ ปราดเปรื่อง,ม.4,4/2,ชาย,2009-09-08,2021-05-15,กำลังศึกษา,088-789-0126,เมือง
S027,นางสาวชญาดา มีปัญญา,ม.4,4/3,หญิง,2009-11-17,2021-05-15,กำลังศึกษา,089-890-1227,แก้วฟ้า
S028,นายปวริศ แกร่ง,ม.4,4/3,ชาย,2009-01-26,2021-05-15,กำลังศึกษา,081-901-2328,เมือง
S029,นางสาวกานต์พิชชา สุภาพ,ม.5,5/1,หญิง,2008-04-12,2020-05-15,กำลังศึกษา,082-012-3429,ดอนตูม
S030,นายธีรเดช สมบูรณ์,ม.5,5/1,ชาย,2008-06-23,2020-05-15,กำลังศึกษา,083-123-4530,เมือง
S031,นางสาวภัทรวดี หวานใจ,ม.5,5/2,หญิง,2008-08-05,2020-05-15,กำลังศึกษา,084-234-5631,แก้วฟ้า
S032,นายณัฐพงศ์ ทรงเกียรติ,ม.5,5/2,ชาย,2008-10-18,2020-05-15,กำลังศึกษา,085-345-6732,เมือง
S033,นางสาวนภัสสร สุขสม,ม.5,5/3,หญิง,2008-12-27,2020-05-15,กำลังศึกษา,086-456-7833,ดอนตูม
S034,นายวัชรพงษ์ เฉลียว,ม.5,5/3,ชาย,2008-02-09,2020-05-15,กำลังศึกษา,087-567-8934,เมือง
S035,นางสาวจิราพร นุ่มนวล,ม.6,6/1,หญิง,2007-05-19,2019-05-15,กำลังศึกษา,088-678-9035,แก้วฟ้า
S036,นายพีรพัฒน์ เจริญรุ่ง,ม.6,6/1,ชาย,2007-07-31,2019-05-15,กำลังศึกษา,089-789-0136,เมือง
S037,นางสาวอรอุมา อุดมสุข,ม.6,6/2,หญิง,2007-09-14,2019-05-15,กำลังศึกษา,081-890-1237,ดอนตูม
S038,นายชญานนท์ ดีงาม,ม.6,6/2,ชาย,2007-11-26,2019-05-15,กำลังศึกษา,082-901-2338,เมือง
S039,นางสาวรัชนีกร วิไลลักษณ์,ม.6,6/3,หญิง,2007-01-08,2019-05-15,กำลังศึกษา,083-012-3439,แก้วฟ้า
S040,นายธนบดี อาจหาญ,ม.6,6/3,ชาย,2007-03-20,2019-05-15,กำลังศึกษา,084-123-4540,เมือง
S041,นางสาวพิชญาภา สง่างาม,ม.1,1/1,หญิง,2012-08-11,2024-05-15,กำลังศึกษา,085-234-5641,ดอนตูม
S042,นายกฤตภาส เข้มแข็ง,ม.1,1/2,ชาย,2012-10-23,2024-05-15,กำลังศึกษา,086-345-6742,เมือง
S043,นางสาวณัฏฐณิชา อ่อนหวาน,ม.1,1/3,หญิง,2012-12-04,2024-05-15,กำลังศึกษา,087-456-7843,แก้วฟ้า
S044,นายธนวัฒน์ สง่าผ่าเผย,ม.2,2/1,ชาย,2011-02-16,2023-05-15,กำลังศึกษา,088-567-8944,เมือง
S045,นางสาวปณิตา สดใส,ม.2,2/2,หญิง,2011-04-28,2023-05-15,กำลังศึกษา,089-678-9045,ดอนตูม
S046,นายเอกชัย แข็งขัน,ม.3,3/1,ชาย,2010-07-10,2022-05-15,กำลังศึกษา,081-789-0146,เมือง
S047,นางสาวพรพิมล ละมุนละไม,ม.3,3/2,หญิง,2010-09-22,2022-05-15,กำลังศึกษา,082-890-1247,แก้วฟ้า
S048,นายธีรวัฒน์ สูงส่ง,ม.4,4/1,ชาย,2009-11-03,2021-05-15,กำลังศึกษา,083-901-2348,เมือง
S049,นางสาวอัญชิสา สุขสันต์,ม.4,4/2,หญิง,2009-01-15,2021-05-15,กำลังศึกษา,084-012-3449,ดอนตูม
S050,นายปภังกร เด่นดวง,ม.5,5/1,ชาย,2008-03-27,2020-05-15,กำลังศึกษา,085-123-4550,เมือง
S051,นางสาวสุทธิดา เรืองรอง,ม.5,5/2,หญิง,2008-05-09,2020-05-15,กำลังศึกษา,086-234-5651,แก้วฟ้า
S052,นายวรากร มั่นใจ,ม.6,6/1,ชาย,2007-06-21,2019-05-15,กำลังศึกษา,087-345-6752,เมือง
S053,นางสาวณัฐริกา อร่าม,ม.6,6/2,หญิง,2007-08-02,2019-05-15,กำลังศึกษา,088-456-7853,ดอนตูม
S054,นายปัณณวิชญ์ สุดยอด,ม.1,1/4,ชาย,2012-09-14,2024-05-15,กำลังศึกษา,089-567-8954,เมือง
S055,นางสาวพรรณษา หอมกรุ่น,ม.2,2/3,หญิง,2011-11-26,2023-05-15,กำลังศึกษา,081-678-9055,แก้วฟ้า
S056,นายธนากร สว่างไสว,ม.3,3/3,ชาย,2010-01-07,2022-05-15,กำลังศึกษา,082-789-0156,เมือง
S057,นางสาวปัทมา บุญมี,ม.4,4/3,หญิง,2009-03-19,2021-05-15,กำลังศึกษา,083-890-1257,ดอนตูม
S058,นายณัฐพงศ์ ชัยชนะ,ม.5,5/3,ชาย,2008-05-31,2020-05-15,กำลังศึกษา,084-901-2358,เมือง
S059,นางสาวนันทิตา ละออ,ม.6,6/3,หญิง,2007-07-12,2019-05-15,กำลังศึกษา,085-012-3459,แก้วฟ้า
S060,นายพีรวัส เจนจบ,ม.1,1/1,ชาย,2012-09-24,2024-05-15,กำลังศึกษา,086-123-4560,เมือง